address,txHash,outputIndex,value
muxP7kJNsV6v32m52gvsqHJTKLHiB53p9w,0299b8e79a40fbdb5f16ed230fffa6f508f481d4c6b97f7b1cbd29361af43dfc,1,0.0002
muxP7kJNsV6v32m52gvsqHJTKLHiB53p9w,27ab7afc5ef53fbf99348e15dc54b397d2c2e2858d89b63141ad864d97a8c614,1,0.00003724
muxP7kJNsV6v32m52gvsqHJTKLHiB53p9w,1950f083034ecd1a83525883244a2f72faf551fcfe413852350f5178194d345e,1,0.00018644
muxP7kJNsV6v32m52gvsqHJTKLHiB53p9w,64238a6c438e758bbc2f9e4a952d90ca987efd295daca2d79a7683b8af3ea2b9,1,0.00018644
muxP7kJNsV6v32m52gvsqHJTKLHiB53p9w,f56d7319e9dec04bdf377369d10b28e52a881289192e3d79acb9129e457c4da3,1,0.00021301
