address,txHash,outputIndex,value
muxP7kJNsV6v32m52gvsqHJTKLHiB53p9w,27ab7afc5ef53fbf99348e15dc54b397d2c2e2858d89b63141ad864d97a8c614,1,0.00003724
muxP7kJNsV6v32m52gvsqHJTKLHiB53p9w,82310f2cee1a438be6bf241f566c7340c06b5dd62167051b71bfc818daa7fa95,1,0.00009322
muxP7kJNsV6v32m52gvsqHJTKLHiB53p9w,15f1c6af47babfd508c5d1eb345c52430e1680cd2a848228e912b783ee7905b6,1,0.00016166
