address,txHash,outputIndex,value
muxP7kJNsV6v32m52gvsqHJTKLHiB53p9w,96546789d865587615f0b71d5f8e968bad85f3835d3e43c187c6a6df8deb3678,1,0.00046436
muxP7kJNsV6v32m52gvsqHJTKLHiB53p9w,e69d06cefe436d76aed3486a2e277d71db0547cb0d15d3ddbc98bac42875bf1f,1,0.00031979
